<?xml version="1.0" encoding="UTF-8"?>
<project-private xmlns="http://www.netbeans.org/ns/project-private/1">
    <editor-bookmarks xmlns="http://www.netbeans.org/ns/editor-bookmarks/2" lastBookmarkId="0"/>
    <open-files xmlns="http://www.netbeans.org/ns/projectui-open-files/2">
        <group>
            <file>file:/D:/dev-teo/m_pratica04/CadastroEE/CadastroEE-war/src/java/cadastroee/servlets/ServletProduto.java</file>
            <file>file:/D:/dev-teo/m_pratica04/CadastroEE/CadastroEE-war/web/WEB-INF/web.xml</file>
            <file>file:/D:/dev-teo/m_pratica04/CadastroEE/CadastroEE-war/nbproject/build-impl.xml</file>
        </group>
    </open-files>
</project-private>
